{
  "hash": "09bec980",
  "configHash": "3319fcf7",
  "lockfileHash": "f2622d1b",
  "browserHash": "cc0c772a",
  "optimized": {
    "@angular/common": {
      "src": "../../../../../../node_modules/@angular/common/fesm2022/common.mjs",
      "file": "@angular_common.js",
      "fileHash": "da2cdfdd",
      "needsInterop": false
    },
    "@angular/core": {
      "src": "../../../../../../node_modules/@angular/core/fesm2022/core.mjs",
      "file": "@angular_core.js",
      "fileHash": "39ec9f15",
      "needsInterop": false
    },
    "@angular/platform-browser": {
      "src": "../../../../../../node_modules/@angular/platform-browser/fesm2022/platform-browser.mjs",
      "file": "@angular_platform-browser.js",
      "fileHash": "a435703b",
      "needsInterop": false
    },
    "@angular/router": {
      "src": "../../../../../../node_modules/@angular/router/fesm2022/router.mjs",
      "file": "@angular_router.js",
      "fileHash": "9b565107",
      "needsInterop": false
    },
    "ngx-ui-loader": {
      "src": "../../../../../../node_modules/ngx-ui-loader/fesm2020/ngx-ui-loader.mjs",
      "file": "ngx-ui-loader.js",
      "fileHash": "ebc2ce1b",
      "needsInterop": false
    },
    "@angular/common/http": {
      "src": "../../../../../../node_modules/@angular/common/fesm2022/http.mjs",
      "file": "@angular_common_http.js",
      "fileHash": "beb4217a",
      "needsInterop": false
    },
    "@angular/platform-browser/animations/async": {
      "src": "../../../../../../node_modules/@angular/platform-browser/fesm2022/animations/async.mjs",
      "file": "@angular_platform-browser_animations_async.js",
      "fileHash": "2ac08af3",
      "needsInterop": false
    },
    "primeng/config": {
      "src": "../../../../../../node_modules/primeng/fesm2022/primeng-config.mjs",
      "file": "primeng_config.js",
      "fileHash": "49bcddd8",
      "needsInterop": false
    },
    "@primeng/themes/aura": {
      "src": "../../../../../../node_modules/@primeng/themes/aura/index.mjs",
      "file": "@primeng_themes_aura.js",
      "fileHash": "f390e45f",
      "needsInterop": false
    },
    "@angular/forms": {
      "src": "../../../../../../node_modules/@angular/forms/fesm2022/forms.mjs",
      "file": "@angular_forms.js",
      "fileHash": "c4399da8",
      "needsInterop": false
    },
    "rxjs": {
      "src": "../../../../../../node_modules/rxjs/dist/esm5/index.js",
      "file": "rxjs.js",
      "fileHash": "b058592b",
      "needsInterop": false
    },
    "primeng/button": {
      "src": "../../../../../../node_modules/primeng/fesm2022/primeng-button.mjs",
      "file": "primeng_button.js",
      "fileHash": "660f5821",
      "needsInterop": false
    },
    "primeng/autofocus": {
      "src": "../../../../../../node_modules/primeng/fesm2022/primeng-autofocus.mjs",
      "file": "primeng_autofocus.js",
      "fileHash": "5f135a09",
      "needsInterop": false
    },
    "primeng/progressbar": {
      "src": "../../../../../../node_modules/primeng/fesm2022/primeng-progressbar.mjs",
      "file": "primeng_progressbar.js",
      "fileHash": "11dc6966",
      "needsInterop": false
    },
    "primeng/overlaybadge": {
      "src": "../../../../../../node_modules/primeng/fesm2022/primeng-overlaybadge.mjs",
      "file": "primeng_overlaybadge.js",
      "fileHash": "fbf97082",
      "needsInterop": false
    },
    "primeng/tabs": {
      "src": "../../../../../../node_modules/primeng/fesm2022/primeng-tabs.mjs",
      "file": "primeng_tabs.js",
      "fileHash": "8abe13e3",
      "needsInterop": false
    },
    "primeng/avatar": {
      "src": "../../../../../../node_modules/primeng/fesm2022/primeng-avatar.mjs",
      "file": "primeng_avatar.js",
      "fileHash": "af25d6e3",
      "needsInterop": false
    },
    "primeng/avatargroup": {
      "src": "../../../../../../node_modules/primeng/fesm2022/primeng-avatargroup.mjs",
      "file": "primeng_avatargroup.js",
      "fileHash": "cb8b3fb7",
      "needsInterop": false
    },
    "primeng/animateonscroll": {
      "src": "../../../../../../node_modules/primeng/fesm2022/primeng-animateonscroll.mjs",
      "file": "primeng_animateonscroll.js",
      "fileHash": "ea4b1e5c",
      "needsInterop": false
    },
    "primeng/accordion": {
      "src": "../../../../../../node_modules/primeng/fesm2022/primeng-accordion.mjs",
      "file": "primeng_accordion.js",
      "fileHash": "ff0d4ac2",
      "needsInterop": false
    },
    "primeng/autocomplete": {
      "src": "../../../../../../node_modules/primeng/fesm2022/primeng-autocomplete.mjs",
      "file": "primeng_autocomplete.js",
      "fileHash": "905e562b",
      "needsInterop": false
    },
    "primeng/badge": {
      "src": "../../../../../../node_modules/primeng/fesm2022/primeng-badge.mjs",
      "file": "primeng_badge.js",
      "fileHash": "f02e62d7",
      "needsInterop": false
    },
    "primeng/breadcrumb": {
      "src": "../../../../../../node_modules/primeng/fesm2022/primeng-breadcrumb.mjs",
      "file": "primeng_breadcrumb.js",
      "fileHash": "8b9bf57e",
      "needsInterop": false
    },
    "primeng/blockui": {
      "src": "../../../../../../node_modules/primeng/fesm2022/primeng-blockui.mjs",
      "file": "primeng_blockui.js",
      "fileHash": "d36fd512",
      "needsInterop": false
    },
    "primeng/calendar": {
      "src": "../../../../../../node_modules/primeng/fesm2022/primeng-calendar.mjs",
      "file": "primeng_calendar.js",
      "fileHash": "679b86a1",
      "needsInterop": false
    },
    "primeng/datepicker": {
      "src": "../../../../../../node_modules/primeng/fesm2022/primeng-datepicker.mjs",
      "file": "primeng_datepicker.js",
      "fileHash": "bc4a555e",
      "needsInterop": false
    },
    "primeng/carousel": {
      "src": "../../../../../../node_modules/primeng/fesm2022/primeng-carousel.mjs",
      "file": "primeng_carousel.js",
      "fileHash": "b5bd6b1f",
      "needsInterop": false
    },
    "primeng/cascadeselect": {
      "src": "../../../../../../node_modules/primeng/fesm2022/primeng-cascadeselect.mjs",
      "file": "primeng_cascadeselect.js",
      "fileHash": "28c19a26",
      "needsInterop": false
    },
    "primeng/chart": {
      "src": "../../../../../../node_modules/primeng/fesm2022/primeng-chart.mjs",
      "file": "primeng_chart.js",
      "fileHash": "2369019b",
      "needsInterop": false
    },
    "primeng/checkbox": {
      "src": "../../../../../../node_modules/primeng/fesm2022/primeng-checkbox.mjs",
      "file": "primeng_checkbox.js",
      "fileHash": "6bbd1af4",
      "needsInterop": false
    },
    "primeng/chip": {
      "src": "../../../../../../node_modules/primeng/fesm2022/primeng-chip.mjs",
      "file": "primeng_chip.js",
      "fileHash": "e9cbfc9e",
      "needsInterop": false
    },
    "primeng/colorpicker": {
      "src": "../../../../../../node_modules/primeng/fesm2022/primeng-colorpicker.mjs",
      "file": "primeng_colorpicker.js",
      "fileHash": "566323a9",
      "needsInterop": false
    },
    "primeng/confirmdialog": {
      "src": "../../../../../../node_modules/primeng/fesm2022/primeng-confirmdialog.mjs",
      "file": "primeng_confirmdialog.js",
      "fileHash": "b74b3026",
      "needsInterop": false
    },
    "primeng/confirmpopup": {
      "src": "../../../../../../node_modules/primeng/fesm2022/primeng-confirmpopup.mjs",
      "file": "primeng_confirmpopup.js",
      "fileHash": "7fa6d209",
      "needsInterop": false
    },
    "primeng/contextmenu": {
      "src": "../../../../../../node_modules/primeng/fesm2022/primeng-contextmenu.mjs",
      "file": "primeng_contextmenu.js",
      "fileHash": "bcafa932",
      "needsInterop": false
    },
    "primeng/dataview": {
      "src": "../../../../../../node_modules/primeng/fesm2022/primeng-dataview.mjs",
      "file": "primeng_dataview.js",
      "fileHash": "2f505ca9",
      "needsInterop": false
    },
    "primeng/dialog": {
      "src": "../../../../../../node_modules/primeng/fesm2022/primeng-dialog.mjs",
      "file": "primeng_dialog.js",
      "fileHash": "c481e4d7",
      "needsInterop": false
    },
    "primeng/divider": {
      "src": "../../../../../../node_modules/primeng/fesm2022/primeng-divider.mjs",
      "file": "primeng_divider.js",
      "fileHash": "3d2f5a92",
      "needsInterop": false
    },
    "primeng/defer": {
      "src": "../../../../../../node_modules/primeng/fesm2022/primeng-defer.mjs",
      "file": "primeng_defer.js",
      "fileHash": "a126b218",
      "needsInterop": false
    },
    "primeng/dock": {
      "src": "../../../../../../node_modules/primeng/fesm2022/primeng-dock.mjs",
      "file": "primeng_dock.js",
      "fileHash": "d9741208",
      "needsInterop": false
    },
    "primeng/dragdrop": {
      "src": "../../../../../../node_modules/primeng/fesm2022/primeng-dragdrop.mjs",
      "file": "primeng_dragdrop.js",
      "fileHash": "265762f0",
      "needsInterop": false
    },
    "primeng/select": {
      "src": "../../../../../../node_modules/primeng/fesm2022/primeng-select.mjs",
      "file": "primeng_select.js",
      "fileHash": "725b1002",
      "needsInterop": false
    },
    "primeng/dynamicdialog": {
      "src": "../../../../../../node_modules/primeng/fesm2022/primeng-dynamicdialog.mjs",
      "file": "primeng_dynamicdialog.js",
      "fileHash": "bedb9954",
      "needsInterop": false
    },
    "primeng/editor": {
      "src": "../../../../../../node_modules/primeng/fesm2022/primeng-editor.mjs",
      "file": "primeng_editor.js",
      "fileHash": "defa1930",
      "needsInterop": false
    },
    "primeng/fieldset": {
      "src": "../../../../../../node_modules/primeng/fesm2022/primeng-fieldset.mjs",
      "file": "primeng_fieldset.js",
      "fileHash": "76f683bd",
      "needsInterop": false
    },
    "primeng/fileupload": {
      "src": "../../../../../../node_modules/primeng/fesm2022/primeng-fileupload.mjs",
      "file": "primeng_fileupload.js",
      "fileHash": "8fe91959",
      "needsInterop": false
    },
    "primeng/focustrap": {
      "src": "../../../../../../node_modules/primeng/fesm2022/primeng-focustrap.mjs",
      "file": "primeng_focustrap.js",
      "fileHash": "18c0eb49",
      "needsInterop": false
    },
    "primeng/galleria": {
      "src": "../../../../../../node_modules/primeng/fesm2022/primeng-galleria.mjs",
      "file": "primeng_galleria.js",
      "fileHash": "40ad9153",
      "needsInterop": false
    },
    "primeng/iftalabel": {
      "src": "../../../../../../node_modules/primeng/fesm2022/primeng-iftalabel.mjs",
      "file": "primeng_iftalabel.js",
      "fileHash": "8d9564a2",
      "needsInterop": false
    },
    "primeng/inplace": {
      "src": "../../../../../../node_modules/primeng/fesm2022/primeng-inplace.mjs",
      "file": "primeng_inplace.js",
      "fileHash": "685ab1d8",
      "needsInterop": false
    },
    "primeng/inputmask": {
      "src": "../../../../../../node_modules/primeng/fesm2022/primeng-inputmask.mjs",
      "file": "primeng_inputmask.js",
      "fileHash": "102db1d8",
      "needsInterop": false
    },
    "primeng/inputswitch": {
      "src": "../../../../../../node_modules/primeng/fesm2022/primeng-inputswitch.mjs",
      "file": "primeng_inputswitch.js",
      "fileHash": "acdd3388",
      "needsInterop": false
    },
    "primeng/inputtext": {
      "src": "../../../../../../node_modules/primeng/fesm2022/primeng-inputtext.mjs",
      "file": "primeng_inputtext.js",
      "fileHash": "74e692a1",
      "needsInterop": false
    },
    "primeng/textarea": {
      "src": "../../../../../../node_modules/primeng/fesm2022/primeng-textarea.mjs",
      "file": "primeng_textarea.js",
      "fileHash": "8fa56249",
      "needsInterop": false
    },
    "primeng/inputnumber": {
      "src": "../../../../../../node_modules/primeng/fesm2022/primeng-inputnumber.mjs",
      "file": "primeng_inputnumber.js",
      "fileHash": "43b7deed",
      "needsInterop": false
    },
    "primeng/inputgroup": {
      "src": "../../../../../../node_modules/primeng/fesm2022/primeng-inputgroup.mjs",
      "file": "primeng_inputgroup.js",
      "fileHash": "64bc3d2c",
      "needsInterop": false
    },
    "primeng/inputgroupaddon": {
      "src": "../../../../../../node_modules/primeng/fesm2022/primeng-inputgroupaddon.mjs",
      "file": "primeng_inputgroupaddon.js",
      "fileHash": "4ef37203",
      "needsInterop": false
    },
    "primeng/inputotp": {
      "src": "../../../../../../node_modules/primeng/fesm2022/primeng-inputotp.mjs",
      "file": "primeng_inputotp.js",
      "fileHash": "6d54a2aa",
      "needsInterop": false
    },
    "primeng/image": {
      "src": "../../../../../../node_modules/primeng/fesm2022/primeng-image.mjs",
      "file": "primeng_image.js",
      "fileHash": "d0a822c6",
      "needsInterop": false
    },
    "primeng/imagecompare": {
      "src": "../../../../../../node_modules/primeng/fesm2022/primeng-imagecompare.mjs",
      "file": "primeng_imagecompare.js",
      "fileHash": "391ff3ac",
      "needsInterop": false
    },
    "primeng/knob": {
      "src": "../../../../../../node_modules/primeng/fesm2022/primeng-knob.mjs",
      "file": "primeng_knob.js",
      "fileHash": "0ab73631",
      "needsInterop": false
    },
    "primeng/listbox": {
      "src": "../../../../../../node_modules/primeng/fesm2022/primeng-listbox.mjs",
      "file": "primeng_listbox.js",
      "fileHash": "efabbeef",
      "needsInterop": false
    },
    "primeng/megamenu": {
      "src": "../../../../../../node_modules/primeng/fesm2022/primeng-megamenu.mjs",
      "file": "primeng_megamenu.js",
      "fileHash": "3da9ec95",
      "needsInterop": false
    },
    "primeng/menu": {
      "src": "../../../../../../node_modules/primeng/fesm2022/primeng-menu.mjs",
      "file": "primeng_menu.js",
      "fileHash": "d3799e61",
      "needsInterop": false
    },
    "primeng/menubar": {
      "src": "../../../../../../node_modules/primeng/fesm2022/primeng-menubar.mjs",
      "file": "primeng_menubar.js",
      "fileHash": "1648b5dd",
      "needsInterop": false
    },
    "primeng/message": {
      "src": "../../../../../../node_modules/primeng/fesm2022/primeng-message.mjs",
      "file": "primeng_message.js",
      "fileHash": "f6d19878",
      "needsInterop": false
    },
    "primeng/messages": {
      "src": "../../../../../../node_modules/primeng/fesm2022/primeng-messages.mjs",
      "file": "primeng_messages.js",
      "fileHash": "a7ed7d8b",
      "needsInterop": false
    },
    "primeng/multiselect": {
      "src": "../../../../../../node_modules/primeng/fesm2022/primeng-multiselect.mjs",
      "file": "primeng_multiselect.js",
      "fileHash": "2a96a6c3",
      "needsInterop": false
    },
    "primeng/metergroup": {
      "src": "../../../../../../node_modules/primeng/fesm2022/primeng-metergroup.mjs",
      "file": "primeng_metergroup.js",
      "fileHash": "b5b0efb3",
      "needsInterop": false
    },
    "primeng/organizationchart": {
      "src": "../../../../../../node_modules/primeng/fesm2022/primeng-organizationchart.mjs",
      "file": "primeng_organizationchart.js",
      "fileHash": "bce8c6c7",
      "needsInterop": false
    },
    "primeng/orderlist": {
      "src": "../../../../../../node_modules/primeng/fesm2022/primeng-orderlist.mjs",
      "file": "primeng_orderlist.js",
      "fileHash": "7e248a63",
      "needsInterop": false
    },
    "primeng/overlaypanel": {
      "src": "../../../../../../node_modules/primeng/fesm2022/primeng-overlaypanel.mjs",
      "file": "primeng_overlaypanel.js",
      "fileHash": "3076e8fe",
      "needsInterop": false
    },
    "primeng/paginator": {
      "src": "../../../../../../node_modules/primeng/fesm2022/primeng-paginator.mjs",
      "file": "primeng_paginator.js",
      "fileHash": "2cf3dbc1",
      "needsInterop": false
    },
    "primeng/panel": {
      "src": "../../../../../../node_modules/primeng/fesm2022/primeng-panel.mjs",
      "file": "primeng_panel.js",
      "fileHash": "2a8ca140",
      "needsInterop": false
    },
    "primeng/panelmenu": {
      "src": "../../../../../../node_modules/primeng/fesm2022/primeng-panelmenu.mjs",
      "file": "primeng_panelmenu.js",
      "fileHash": "33522863",
      "needsInterop": false
    },
    "primeng/password": {
      "src": "../../../../../../node_modules/primeng/fesm2022/primeng-password.mjs",
      "file": "primeng_password.js",
      "fileHash": "0ee3a585",
      "needsInterop": false
    },
    "primeng/picklist": {
      "src": "../../../../../../node_modules/primeng/fesm2022/primeng-picklist.mjs",
      "file": "primeng_picklist.js",
      "fileHash": "ad98387f",
      "needsInterop": false
    },
    "primeng/progressspinner": {
      "src": "../../../../../../node_modules/primeng/fesm2022/primeng-progressspinner.mjs",
      "file": "primeng_progressspinner.js",
      "fileHash": "bebb7ade",
      "needsInterop": false
    },
    "primeng/radiobutton": {
      "src": "../../../../../../node_modules/primeng/fesm2022/primeng-radiobutton.mjs",
      "file": "primeng_radiobutton.js",
      "fileHash": "2f356b3c",
      "needsInterop": false
    },
    "primeng/rating": {
      "src": "../../../../../../node_modules/primeng/fesm2022/primeng-rating.mjs",
      "file": "primeng_rating.js",
      "fileHash": "7932ee7c",
      "needsInterop": false
    },
    "primeng/selectbutton": {
      "src": "../../../../../../node_modules/primeng/fesm2022/primeng-selectbutton.mjs",
      "file": "primeng_selectbutton.js",
      "fileHash": "38fbcb28",
      "needsInterop": false
    },
    "primeng/sidebar": {
      "src": "../../../../../../node_modules/primeng/fesm2022/primeng-sidebar.mjs",
      "file": "primeng_sidebar.js",
      "fileHash": "55784133",
      "needsInterop": false
    },
    "primeng/scroller": {
      "src": "../../../../../../node_modules/primeng/fesm2022/primeng-scroller.mjs",
      "file": "primeng_scroller.js",
      "fileHash": "6c387988",
      "needsInterop": false
    },
    "primeng/scrollpanel": {
      "src": "../../../../../../node_modules/primeng/fesm2022/primeng-scrollpanel.mjs",
      "file": "primeng_scrollpanel.js",
      "fileHash": "01475a18",
      "needsInterop": false
    },
    "primeng/scrolltop": {
      "src": "../../../../../../node_modules/primeng/fesm2022/primeng-scrolltop.mjs",
      "file": "primeng_scrolltop.js",
      "fileHash": "8d67761f",
      "needsInterop": false
    },
    "primeng/skeleton": {
      "src": "../../../../../../node_modules/primeng/fesm2022/primeng-skeleton.mjs",
      "file": "primeng_skeleton.js",
      "fileHash": "d2597251",
      "needsInterop": false
    },
    "primeng/slider": {
      "src": "../../../../../../node_modules/primeng/fesm2022/primeng-slider.mjs",
      "file": "primeng_slider.js",
      "fileHash": "fc0521e3",
      "needsInterop": false
    },
    "primeng/speeddial": {
      "src": "../../../../../../node_modules/primeng/fesm2022/primeng-speeddial.mjs",
      "file": "primeng_speeddial.js",
      "fileHash": "5e64b58e",
      "needsInterop": false
    },
    "primeng/splitter": {
      "src": "../../../../../../node_modules/primeng/fesm2022/primeng-splitter.mjs",
      "file": "primeng_splitter.js",
      "fileHash": "8ada8081",
      "needsInterop": false
    },
    "primeng/stepper": {
      "src": "../../../../../../node_modules/primeng/fesm2022/primeng-stepper.mjs",
      "file": "primeng_stepper.js",
      "fileHash": "bffe6801",
      "needsInterop": false
    },
    "primeng/splitbutton": {
      "src": "../../../../../../node_modules/primeng/fesm2022/primeng-splitbutton.mjs",
      "file": "primeng_splitbutton.js",
      "fileHash": "155fd98c",
      "needsInterop": false
    },
    "primeng/steps": {
      "src": "../../../../../../node_modules/primeng/fesm2022/primeng-steps.mjs",
      "file": "primeng_steps.js",
      "fileHash": "7d24f971",
      "needsInterop": false
    },
    "primeng/table": {
      "src": "../../../../../../node_modules/primeng/fesm2022/primeng-table.mjs",
      "file": "primeng_table.js",
      "fileHash": "884b38a4",
      "needsInterop": false
    },
    "primeng/tabmenu": {
      "src": "../../../../../../node_modules/primeng/fesm2022/primeng-tabmenu.mjs",
      "file": "primeng_tabmenu.js",
      "fileHash": "efec8078",
      "needsInterop": false
    },
    "primeng/tag": {
      "src": "../../../../../../node_modules/primeng/fesm2022/primeng-tag.mjs",
      "file": "primeng_tag.js",
      "fileHash": "a67b6931",
      "needsInterop": false
    },
    "primeng/terminal": {
      "src": "../../../../../../node_modules/primeng/fesm2022/primeng-terminal.mjs",
      "file": "primeng_terminal.js",
      "fileHash": "3b077033",
      "needsInterop": false
    },
    "primeng/tieredmenu": {
      "src": "../../../../../../node_modules/primeng/fesm2022/primeng-tieredmenu.mjs",
      "file": "primeng_tieredmenu.js",
      "fileHash": "4369a406",
      "needsInterop": false
    },
    "primeng/timeline": {
      "src": "../../../../../../node_modules/primeng/fesm2022/primeng-timeline.mjs",
      "file": "primeng_timeline.js",
      "fileHash": "48bdb3d6",
      "needsInterop": false
    },
    "primeng/toast": {
      "src": "../../../../../../node_modules/primeng/fesm2022/primeng-toast.mjs",
      "file": "primeng_toast.js",
      "fileHash": "a8de756c",
      "needsInterop": false
    },
    "primeng/togglebutton": {
      "src": "../../../../../../node_modules/primeng/fesm2022/primeng-togglebutton.mjs",
      "file": "primeng_togglebutton.js",
      "fileHash": "af91991a",
      "needsInterop": false
    },
    "primeng/toggleswitch": {
      "src": "../../../../../../node_modules/primeng/fesm2022/primeng-toggleswitch.mjs",
      "file": "primeng_toggleswitch.js",
      "fileHash": "f24cbfe2",
      "needsInterop": false
    },
    "primeng/toolbar": {
      "src": "../../../../../../node_modules/primeng/fesm2022/primeng-toolbar.mjs",
      "file": "primeng_toolbar.js",
      "fileHash": "a233e467",
      "needsInterop": false
    },
    "primeng/tooltip": {
      "src": "../../../../../../node_modules/primeng/fesm2022/primeng-tooltip.mjs",
      "file": "primeng_tooltip.js",
      "fileHash": "c5c63f6c",
      "needsInterop": false
    },
    "primeng/tree": {
      "src": "../../../../../../node_modules/primeng/fesm2022/primeng-tree.mjs",
      "file": "primeng_tree.js",
      "fileHash": "61ddf65b",
      "needsInterop": false
    },
    "primeng/treeselect": {
      "src": "../../../../../../node_modules/primeng/fesm2022/primeng-treeselect.mjs",
      "file": "primeng_treeselect.js",
      "fileHash": "53298e06",
      "needsInterop": false
    },
    "primeng/treetable": {
      "src": "../../../../../../node_modules/primeng/fesm2022/primeng-treetable.mjs",
      "file": "primeng_treetable.js",
      "fileHash": "52428388",
      "needsInterop": false
    },
    "primeng/card": {
      "src": "../../../../../../node_modules/primeng/fesm2022/primeng-card.mjs",
      "file": "primeng_card.js",
      "fileHash": "0cd3ff9c",
      "needsInterop": false
    },
    "primeng/ripple": {
      "src": "../../../../../../node_modules/primeng/fesm2022/primeng-ripple.mjs",
      "file": "primeng_ripple.js",
      "fileHash": "0d8fcc7a",
      "needsInterop": false
    },
    "primeng/styleclass": {
      "src": "../../../../../../node_modules/primeng/fesm2022/primeng-styleclass.mjs",
      "file": "primeng_styleclass.js",
      "fileHash": "06365842",
      "needsInterop": false
    },
    "primeng/floatlabel": {
      "src": "../../../../../../node_modules/primeng/fesm2022/primeng-floatlabel.mjs",
      "file": "primeng_floatlabel.js",
      "fileHash": "a154ef21",
      "needsInterop": false
    },
    "primeng/iconfield": {
      "src": "../../../../../../node_modules/primeng/fesm2022/primeng-iconfield.mjs",
      "file": "primeng_iconfield.js",
      "fileHash": "23e07591",
      "needsInterop": false
    },
    "primeng/inputicon": {
      "src": "../../../../../../node_modules/primeng/fesm2022/primeng-inputicon.mjs",
      "file": "primeng_inputicon.js",
      "fileHash": "3c068b8a",
      "needsInterop": false
    },
    "primeng/drawer": {
      "src": "../../../../../../node_modules/primeng/fesm2022/primeng-drawer.mjs",
      "file": "primeng_drawer.js",
      "fileHash": "157f375d",
      "needsInterop": false
    },
    "primeng/dropdown": {
      "src": "../../../../../../node_modules/primeng/fesm2022/primeng-dropdown.mjs",
      "file": "primeng_dropdown.js",
      "fileHash": "08cd06dc",
      "needsInterop": false
    },
    "primeng/api": {
      "src": "../../../../../../node_modules/primeng/fesm2022/primeng-api.mjs",
      "file": "primeng_api.js",
      "fileHash": "68c1511f",
      "needsInterop": false
    },
    "primeng/overlay": {
      "src": "../../../../../../node_modules/primeng/fesm2022/primeng-overlay.mjs",
      "file": "primeng_overlay.js",
      "fileHash": "0db3ec10",
      "needsInterop": false
    }
  },
  "chunks": {
    "browser-PMZSNDDB": {
      "file": "browser-PMZSNDDB.js"
    },
    "quill-QZ7IKJZ6": {
      "file": "quill-QZ7IKJZ6.js"
    },
    "chunk-PQ7VCDXS": {
      "file": "chunk-PQ7VCDXS.js"
    },
    "chunk-OD6EN2FJ": {
      "file": "chunk-OD6EN2FJ.js"
    },
    "chunk-OI4PD5WY": {
      "file": "chunk-OI4PD5WY.js"
    },
    "chunk-ASCRQUQH": {
      "file": "chunk-ASCRQUQH.js"
    },
    "chunk-S5AK3P55": {
      "file": "chunk-S5AK3P55.js"
    },
    "chunk-HEKSJLHJ": {
      "file": "chunk-HEKSJLHJ.js"
    },
    "chunk-4Y4CAP3Y": {
      "file": "chunk-4Y4CAP3Y.js"
    },
    "chunk-RPEKRPVZ": {
      "file": "chunk-RPEKRPVZ.js"
    },
    "chunk-MQY2E3TM": {
      "file": "chunk-MQY2E3TM.js"
    },
    "chunk-6PL7F7NC": {
      "file": "chunk-6PL7F7NC.js"
    },
    "chunk-TR4SCKW3": {
      "file": "chunk-TR4SCKW3.js"
    },
    "chunk-VME6X2VG": {
      "file": "chunk-VME6X2VG.js"
    },
    "chunk-NGAEDESW": {
      "file": "chunk-NGAEDESW.js"
    },
    "chunk-5O63GJBL": {
      "file": "chunk-5O63GJBL.js"
    },
    "chunk-43UIZSRX": {
      "file": "chunk-43UIZSRX.js"
    },
    "chunk-56C33SJY": {
      "file": "chunk-56C33SJY.js"
    },
    "chunk-EWX326OH": {
      "file": "chunk-EWX326OH.js"
    },
    "chunk-337HE3LU": {
      "file": "chunk-337HE3LU.js"
    },
    "chunk-ZDWIQDQH": {
      "file": "chunk-ZDWIQDQH.js"
    },
    "chunk-QQLPAEE6": {
      "file": "chunk-QQLPAEE6.js"
    },
    "chunk-L5WXLW5O": {
      "file": "chunk-L5WXLW5O.js"
    },
    "chunk-BVKFD5Y7": {
      "file": "chunk-BVKFD5Y7.js"
    },
    "chunk-7LFN5QIY": {
      "file": "chunk-7LFN5QIY.js"
    },
    "chunk-LKIYEUVC": {
      "file": "chunk-LKIYEUVC.js"
    },
    "chunk-IWM66CVI": {
      "file": "chunk-IWM66CVI.js"
    },
    "chunk-5G7WYC4N": {
      "file": "chunk-5G7WYC4N.js"
    },
    "chunk-E6YVRWWE": {
      "file": "chunk-E6YVRWWE.js"
    },
    "chunk-OVUOIC6N": {
      "file": "chunk-OVUOIC6N.js"
    },
    "chunk-37UJSS37": {
      "file": "chunk-37UJSS37.js"
    },
    "chunk-A4LSWK5N": {
      "file": "chunk-A4LSWK5N.js"
    },
    "chunk-TAQIB444": {
      "file": "chunk-TAQIB444.js"
    },
    "chunk-DRCYLE7M": {
      "file": "chunk-DRCYLE7M.js"
    },
    "chunk-72DFDQQZ": {
      "file": "chunk-72DFDQQZ.js"
    },
    "chunk-IFJTZOJH": {
      "file": "chunk-IFJTZOJH.js"
    },
    "chunk-WJAPHZCS": {
      "file": "chunk-WJAPHZCS.js"
    },
    "chunk-4TXEQJOH": {
      "file": "chunk-4TXEQJOH.js"
    },
    "chunk-B45BMHXQ": {
      "file": "chunk-B45BMHXQ.js"
    },
    "chunk-PVRCY3EF": {
      "file": "chunk-PVRCY3EF.js"
    },
    "chunk-7ZDG6LXI": {
      "file": "chunk-7ZDG6LXI.js"
    },
    "chunk-GRE5C4UV": {
      "file": "chunk-GRE5C4UV.js"
    },
    "chunk-2XUDQHIN": {
      "file": "chunk-2XUDQHIN.js"
    },
    "chunk-RQIOO3G3": {
      "file": "chunk-RQIOO3G3.js"
    },
    "chunk-FEDAEUWJ": {
      "file": "chunk-FEDAEUWJ.js"
    },
    "chunk-N2CVKOQC": {
      "file": "chunk-N2CVKOQC.js"
    },
    "chunk-P6U2JBMQ": {
      "file": "chunk-P6U2JBMQ.js"
    },
    "chunk-4MWRP73S": {
      "file": "chunk-4MWRP73S.js"
    }
  }
}